Conversion Type,Video Name,File Size (MB),Datetime
MP4,Rick Astley - Never Gonna Give You Up (Official Music Video),19.266,26/03/2024 18:57:07
MP3,Alan Walker - Dreamer | House | NCS - Copyright Free Music,2.437,26/03/2024 19:02:43
MP3,"Cartoon, Jï¿½ja - Why We Lose (feat. Coleman Trapp) | DnB | NCS - Copyright Free Music",3.382,26/03/2024 19:06:52
MP3,Shortest Video on Youtube (Parts 1-100),1.245,03/04/2024 00:20:36
MP3,Shortest Video on Youtube,0.015,03/04/2024 00:22:32
MP3,Shortest Video on Youtube Part 2,0.013,03/04/2024 00:22:35
MP3,Shortest Video on Youtube Part 3,0.012,03/04/2024 00:22:38
MP3,Shortest Video on Youtube Part 4,0.012,03/04/2024 00:22:42
MP3,Shortest Video on Youtube Part 5,0.018,03/04/2024 00:22:44
MP3,Shortest Video on Youtube Part 6,0.022,03/04/2024 00:22:47
MP3,Shortest Video on Youtube Part 7,0.013,03/04/2024 00:22:50
MP3,Shortest Video on Youtube Part 9,0.046,03/04/2024 00:22:53
MP3,Shortest Video on Youtube Part 10,0.029,03/04/2024 00:22:56
MP3,Shortest Video on Youtube Part 12,0.02,03/04/2024 00:22:59
MP3,Shortest Video on Youtube Part 13,0.02,03/04/2024 00:23:02
MP3,Shortest Video on Youtube Part 14,0.022,03/04/2024 00:23:05
MP3,Shortest Video on Youtube Part 15,0.012,03/04/2024 00:23:08
MP3,Shortest Video on Youtube Part 16,0.018,03/04/2024 00:23:11
